"Mas","Points:0","Points:1","Points:2","T","U:0","U:1","U:2","alphat","nuTilda","nut","p","pFluc","pMean","rho"
0.43278,1.1646,-0.024605,0,275.32,0,0,0,0,0,0,89088,5148.6,83939,1.1245
0.33249,1.1646,-0.024613,0,279.19,0,0,0,0,0,0,93859,5406.2,88452,1.1684
0.256,1.1645,-0.024622,0,282.63,0,0,0,0,0,0,96811,5747.2,91063,1.1906
0.19222,1.1645,-0.02463,0,284.11,0,0,0,0,0,0,98747,5971.5,92776,1.2081
0.089829,1.1645,-0.024638,0,285.26,0,0,0,0,0,0,1.0075e+05,5791.3,94963,1.2277
0,1.1644,-0.024647,0,286.93,0,0,0,0,0,0,1.0385e+05,4963.1,98890,1.258
0,1.1644,-0.024643,0,288.96,0,0,0,0,0,0,1.0694e+05,3850.7,1.0309e+05,1.2863
0,1.1644,-0.024639,0,290.47,0,0,0,0,0,0,1.0879e+05,2892.3,1.059e+05,1.3018
0,1.1643,-0.024634,0,291.37,0,0,0,0,0,0,1.0992e+05,2050.3,1.0786e+05,1.3112
0,1.1643,-0.024629,0,292.11,0,0,0,0,0,0,1.1077e+05,1344.3,1.0942e+05,1.3181
0,1.1643,-0.024623,0,292.99,0,0,0,0,0,0,1.1148e+05,727.69,1.1075e+05,1.3225
0,1.1642,-0.024608,0,293.61,0,0,0,0,0,0,1.1193e+05,247.18,1.1168e+05,1.325
0,1.1642,-0.024594,0,293.75,0,0,0,0,0,0,1.1206e+05,-7.0622,1.1207e+05,1.326
0,1.1642,-0.02458,0,293.42,0,0,0,0,0,0,1.1176e+05,-170.82,1.1193e+05,1.3239
0,1.1642,-0.024566,0,292.5,0,0,0,0,0,0,1.108e+05,-444.58,1.1125e+05,1.3167
0,1.1641,-0.024552,0,291.08,0,0,0,0,0,0,1.0853e+05,-1175.6,1.0971e+05,1.2959
0,1.1641,-0.024532,0,288.13,0,0,0,0,0,0,1.0413e+05,-2758.7,1.0689e+05,1.256
0.1457,1.1641,-0.024501,0,284.97,0,0,0,0,0,0,99834,-4238.8,1.0407e+05,1.2177
0.23724,1.1641,-0.024471,0,283.13,0,0,0,0,0,0,97432,-4815.6,1.0225e+05,1.1961
0.29806,1.1641,-0.02444,0,281.25,0,0,0,0,0,0,95268,-5182.3,1.0045e+05,1.1774
0.3719,1.164,-0.024409,0,278.38,0,0,0,0,0,0,92096,-5813.3,97909,1.1498
0.47063,1.164,-0.024379,0,274.55,0,0,0,0,0,0,87062,-6950.6,94013,1.102
0.56317,1.164,-0.024346,0,270.92,0,0,0,0,0,0,81702,-8184.7,89887,1.0481
0.61705,1.164,-0.024313,0,268.62,0,0,0,0,0,0,78372,-8805.6,87178,1.0141
0.64834,1.164,-0.02428,0,266.7,0,0,0,0,0,0,76386,-8923.2,85310,0.9955
0.68769,1.164,-0.024247,0,263.31,0,0,0,0,0,0,73849,-9019.6,82869,0.97476
0.76449,1.164,-0.024214,0,258.08,0,0,0,0,0,0,68815,-9565.3,78380,0.9264
0.85828,1.164,-0.024181,0,253.27,0,0,0,0,0,0,62634,-10534,73168,0.85937
0.91572,1.164,-0.024148,0,251.29,0,0,0,0,0,0,58891,-11331,70222,0.81459
0.53654,1.1646,-0.0246,0,272.31,0,0,0,0,0,0,83296,5088.7,78208,1.0631
0.60761,1.1646,-0.024589,0,270.28,0,0,0,0,0,0,78965,5156.9,73808,1.0155
0.63689,1.1646,-0.024579,0,270.01,0,0,0,0,0,0,77117,5299.3,71818,0.99273
0.64067,1.1647,-0.024568,0,270.41,0,0,0,0,0,0,76876,5454.1,71422,0.98816
0.63344,1.1647,-0.024558,0,271.03,0,0,0,0,0,0,77336,5491.8,71844,0.99179
0.6241,1.1647,-0.024547,0,271.47,0,0,0,0,0,0,77928,5358.6,72569,0.99777
0.61899,1.1647,-0.024537,0,271.52,0,0,0,0,0,0,78250,4952.4,73298,1.0017
0.62285,1.1647,-0.024526,0,271.24,0,0,0,0,0,0,78006,4216.5,73790,0.99964
0.63479,1.1647,-0.024516,0,270.48,0,0,0,0,0,0,77251,3440.2,73810,0.99273
0.65142,1.1647,-0.024505,0,269.49,0,0,0,0,0,0,76190,2956.4,73233,0.98268
0.67248,1.1648,-0.024495,0,268.17,0,0,0,0,0,0,74835,2776.6,72058,0.96996
0.69212,1.1648,-0.024483,0,267.13,0,0,0,0,0,0,73561,2796.3,70765,0.95717
0.69868,1.1648,-0.02447,0,267.18,0,0,0,0,0,0,73134,2906.5,70228,0.95142
0.69126,1.1648,-0.024457,0,267.84,0,0,0,0,0,0,73617,2996.6,70621,0.95535
0.67647,1.1648,-0.024444,0,268.87,0,0,0,0,0,0,74576,2992.2,71584,0.96409
0.65551,1.1648,-0.024431,0,270.1,0,0,0,0,0,0,75928,2868.2,73059,0.97709
0.62781,1.1648,-0.024418,0,271.56,0,0,0,0,0,0,77693,2636.9,75056,0.99442
0.6018,1.1649,-0.024406,0,273.15,0,0,0,0,0,0,79327,2328.8,76998,1.0094
0.5875,1.1649,-0.024393,0,274.07,0,0,0,0,0,0,80214,2011.6,78202,1.0173
0.58399,1.1649,-0.02438,0,274.36,0,0,0,0,0,0,80430,1777.6,78653,1.019
0.58215,1.1649,-0.024366,0,274.7,0,0,0,0,0,0,80544,1659.7,78884,1.0192
0.57585,1.1649,-0.024352,0,275.22,0,0,0,0,0,0,80930,1584.7,79345,1.0221
0.56445,1.1649,-0.024338,0,275.78,0,0,0,0,0,0,81625,1469.1,80155,1.0288
0.54669,1.1649,-0.024325,0,276.52,0,0,0,0,0,0,82694,1343.2,81350,1.0395
0.52722,1.1649,-0.024311,0,277.48,0,0,0,0,0,0,83846,1231.7,82614,1.0503
0.51271,1.1649,-0.024297,0,278.15,0,0,0,0,0,0,84690,1103.3,83587,1.0583
0.50374,1.165,-0.024284,0,278.62,0,0,0,0,0,0,85206,949.03,84257,1.063
0.49819,1.165,-0.02427,0,278.96,0,0,0,0,0,0,85522,785.94,84736,1.0656
0.49414,1.165,-0.024256,0,279.23,0,0,0,0,0,0,85752,626.39,85125,1.0675
0.49047,1.165,-0.024242,0,279.4,0,0,0,0,0,0,85958,477.15,85481,1.0693
0.48694,1.165,-0.024229,0,279.52,0,0,0,0,0,0,86157,337.71,85819,1.0714
0.48363,1.165,-0.024215,0,279.62,0,0,0,0,0,0,86342,209.31,86133,1.0733
0.48058,1.165,-0.024201,0,279.73,0,0,0,0,0,0,86513,93.772,86419,1.075
0.47767,1.165,-0.024188,0,279.89,0,0,0,0,0,0,86674,-5.5091,86680,1.0764
0.47468,1.1651,-0.024174,0,280.15,0,0,0,0,0,0,86839,-79.51,86919,1.0774
0.47088,1.1651,-0.02416,0,280.56,0,0,0,0,0,0,87048,-113.07,87162,1.0785
0.93549,1.164,-0.024133,0,251.18,0,0,0,0,0,0,57616,-11708,69324,0.79731
0.94061,1.164,-0.024117,0,251.42,0,0,0,0,0,0,57288,-11787,69075,0.79202
0.94057,1.164,-0.024101,0,251.74,0,0,0,0,0,0,57291,-11721,69012,0.79105
0.93955,1.164,-0.024086,0,252.22,0,0,0,0,0,0,57356,-11585,68941,0.79044
0.93874,1.164,-0.02407,0,252.55,0,0,0,0,0,0,57408,-11364,68772,0.79012
0.93992,1.164,-0.024055,0,252.38,0,0,0,0,0,0,57332,-11079,68411,0.7896
0.94629,1.164,-0.024039,0,251.72,0,0,0,0,0,0,56924,-10805,67729,0.78604
0.96226,1.164,-0.024023,0,250.16,0,0,0,0,0,0,55906,-10663,66569,0.77675
0.99039,1.164,-0.024008,0,247.23,0,0,0,0,0,0,54129,-10642,64771,0.76095
1.0441,1.164,-0.023992,0,242.91,0,0,0,0,0,0,50805,-10935,61740,0.72673
1.1161,1.164,-0.023977,0,238.41,0,0,0,0,0,0,46516,-11670,58187,0.67799
1.179,1.1641,-0.023962,0,234.87,0,0,0,0,0,0,42941,-12614,55555,0.63537
1.2279,1.1641,-0.023948,0,232.42,0,0,0,0,0,0,40282,-13601,53883,0.60237
1.2645,1.1641,-0.023933,0,230.71,0,0,0,0,0,0,38367,-14541,52909,0.578
1.291,1.1641,-0.023918,0,230,0,0,0,0,0,0,37020,-15422,52441,0.55946
1.3094,1.1641,-0.023904,0,230,0,0,0,0,0,0,36102,-16226,52328,0.54559
1.3188,1.1641,-0.023889,0,230,0,0,0,0,0,0,35641,-16850,52491,0.53863
1.3195,1.1641,-0.023874,0,230.48,0,0,0,0,0,0,35608,-17237,52845,0.53701
1.3158,1.1641,-0.02386,0,231.66,0,0,0,0,0,0,35788,-17498,53286,0.53696
1.3081,1.1641,-0.023845,0,233.56,0,0,0,0,0,0,36167,-17624,53791,0.53824
1.2945,1.1641,-0.02383,0,235.53,0,0,0,0,0,0,36845,-17513,54358,0.54373
1.2785,1.1641,-0.023816,0,236.91,0,0,0,0,0,0,37652,-17186,54838,0.55241
1.2707,1.1641,-0.023801,0,237.35,0,0,0,0,0,0,38048,-16868,54916,0.55718
1.2734,1.1641,-0.023786,0,237.15,0,0,0,0,0,0,37910,-16605,54515,0.55563
1.2873,1.1641,-0.023772,0,236.05,0,0,0,0,0,0,37207,-16577,53784,0.54784
1.3112,1.1641,-0.023758,0,234.32,0,0,0,0,0,0,36014,-17033,53047,0.53421
1.3349,1.1641,-0.023745,0,233,0,0,0,0,0,0,34861,-17798,52659,0.52004
1.3524,1.1642,-0.023731,0,231.99,0,0,0,0,0,0,34031,-18687,52718,0.50987
1.3612,1.1642,-0.023717,0,231.8,0,0,0,0,0,0,33617,-19598,53214,0.5041
1.3629,1.1642,-0.023703,0,232.41,0,0,0,0,0,0,33539,-20456,53995,0.50162
1.36,1.1642,-0.02369,0,233.35,0,0,0,0,0,0,33674,-21209,54883,0.50159
1.3508,1.1642,-0.023676,0,234.7,0,0,0,0,0,0,34104,-21713,55817,0.50506
1.3339,1.1642,-0.023662,0,236.79,0,0,0,0,0,0,34914,-21868,56782,0.51248
1.3117,1.1642,-0.023649,0,239.18,0,0,0,0,0,0,35990,-21745,57735,0.52299
1.2869,1.1642,-0.023635,0,241.64,0,0,0,0,0,0,37225,-21416,58641,0.53543
1.2522,1.1642,-0.023621,0,245.76,0,0,0,0,0,0,39001,-20819,59820,0.55148
0.46386,1.1651,-0.02412,0,280.99,0,0,0,0,0,0,87433,-90.671,87523,1.0816
0.45169,1.1651,-0.024076,0,281.74,0,0,0,0,0,0,88090,21.956,88068,1.0868
0.43569,1.1652,-0.024027,0,282.61,0,0,0,1.7827e-07,0,1.3801e-07,88936,209.86,88726,1.0938
0.42002,1.1652,-0.023974,0,283.17,0,0,0,1.2982e-06,0,9.9932e-07,89745,383.48,89361,1.1016
0.40792,1.1653,-0.023915,0,283.72,0,0,0,2.9726e-06,0,2.2817e-06,90355,483.86,89871,1.1069
0.39959,1.1653,-0.02385,0,284.33,0,0,0,5.9037e-06,0,4.5209e-06,90768,494.28,90274,1.1096
0.3936,1.1654,-0.023779,0,284.76,0,0,0,1.162e-05,0,8.8839e-06,91062,450.36,90611,1.1115
0.38922,1.1655,-0.023701,0,284.94,0,0,0,1.8614e-05,0,1.4208e-05,91274,370.88,90903,1.1134
0.38572,1.1655,-0.023615,0,285.03,0,0,0,2.6481e-05,0,2.0183e-05,91442,286.88,91155,1.1151
0.38468,1.1656,-0.02352,0,285.12,0,0,0,3.7171e-05,0,2.833e-05,91492,118.38,91374,1.1154
0.38738,1.1657,-0.023416,0,285.17,0,0,0,4.9732e-05,0,3.7966e-05,91362,-204.62,91567,1.1136
0.37966,1.1658,-0.023302,0,285.6,0,0,0,6.2445e-05,0,4.7527e-05,91731,-11.947,91743,1.1164
0.3639,1.1659,-0.023176,0,286.31,0,0,0,7.4115e-05,0,5.6113e-05,92466,565.7,91901,1.1226
0.35649,1.166,-0.023037,0,286.55,0,0,0,8.6105e-05,0,6.501e-05,92803,760.28,92043,1.1257
0.3541,1.1661,-0.022892,0,286.83,0,0,0,9.5956e-05,0,7.2443e-05,92911,725.36,92186,1.1259
0.3506,1.1663,-0.022747,0,287.46,0,0,0,9.9044e-05,0,7.481e-05,93068,725.82,92342,1.1253
0.35032,1.1664,-0.022602,0,287.49,0,0,0,9.6881e-05,0,7.3175e-05,93080,566.13,92514,1.1254
0.35552,1.1665,-0.022457,0,286.88,0,0,0,9.1786e-05,0,6.9353e-05,92848,84.295,92763,1.1249
0.36074,1.1666,-0.022314,0,286.23,0,0,0,8.6372e-05,0,6.5281e-05,92611,-360.32,92971,1.1246
0.3559,1.1668,-0.022172,0,286.13,0,0,0,8.1621e-05,0,6.1526e-05,92830,-205.1,93035,1.1277
0.35409,1.1669,-0.022029,0,286.04,0,0,0,7.7123e-05,0,5.8059e-05,92912,-165.29,93077,1.129
0.36978,1.167,-0.021886,0,285.25,0,0,0,7.3222e-05,0,5.5398e-05,92195,-949.53,93144,1.1234
0.37633,1.1671,-0.021744,0,284.81,0,0,0,7.0216e-05,0,5.3224e-05,91888,-1351.1,93240,1.1214
0.3626,1.1673,-0.021601,0,285.32,0,0,0,6.7619e-05,0,5.0996e-05,92526,-825.38,93351,1.1272
0.34763,1.1674,-0.021458,0,285.94,0,0,0,6.5053e-05,0,4.8809e-05,93200,-269.35,93469,1.1329
0.34676,1.1675,-0.021316,0,286.01,0,0,0,6.2674e-05,0,4.7013e-05,93238,-367.36,93606,1.1331
0.35055,1.1676,-0.021173,0,285.87,0,0,0,6.0659e-05,0,4.5563e-05,93070,-689.01,93759,1.1316
0.33889,1.1678,-0.02103,0,286.36,0,0,0,5.8402e-05,0,4.3707e-05,93583,-324.26,93908,1.1359
0.32391,1.1679,-0.020888,0,287.01,0,0,0,5.4903e-05,0,4.0899e-05,94222,160.51,94061,1.1411
0.32357,1.168,-0.020745,0,287.06,0,0,0,5.0674e-05,0,3.7747e-05,94236,-17.794,94254,1.1411
0.32982,1.1682,-0.020604,0,286.82,0,0,0,4.5169e-05,0,3.3711e-05,93973,-460.12,94433,1.1388
0.32945,1.1683,-0.020464,0,286.85,0,0,0,3.7979e-05,0,2.8349e-05,93988,-552.99,94541,1.1389
0.32924,1.1684,-0.020325,0,286.91,0,0,0,2.8376e-05,0,2.1175e-05,93997,-625.08,94622,1.1387
0.34356,1.1685,-0.020185,0,286.35,0,0,0,1.6248e-05,0,1.2169e-05,93379,-1331.3,94711,1.1335
0.34321,1.1687,-0.020045,0,286.21,0,0,0,4.9962e-06,0,3.7592e-06,93395,-1408.3,94803,1.1342
0.31316,1.1688,-0.019906,0,287.22,0,0,0,0,0,0,94665,-233.48,94899,1.1456
0.28855,1.1689,-0.019766,0,288.03,0,0,0,0,0,0,95634,614.3,95020,1.1541
0.28516,1.1691,-0.019626,0,288.04,0,0,0,0,0,0,95762,595.1,95167,1.1556
0.27367,1.1692,-0.019487,0,288.28,0,0,0,0,0,0,96187,873.92,95313,1.1598
0.25455,1.1693,-0.019347,0,288.75,0,0,0,0,0,0,96860,1416,95444,1.1659
1.1964,1.1642,-0.023572,0,252.84,0,0,0,0,0,0,41983,-19757,61740,0.57688
1.1053,1.1643,-0.023518,0,262.7,0,0,0,0,0,0,47147,-17380,64527,0.62317
0.96083,1.1643,-0.023458,0,274.98,0,0,0,0,0,0,55997,-12079,68076,0.70654
0.83254,1.1643,-0.023393,0,284.92,0,0,0,0,0,0,64326,-7256.1,71582,0.78446
0.79691,1.1644,-0.023322,0,288.59,0,0,0,0,0,0,66675,-6706.2,73382,0.80308
0.8063,1.1644,-0.023244,0,289.98,0,0,0,0,0,0,66055,-7619.9,73675,0.79178
0.81029,1.1645,-0.023157,0,290.77,0,0,0,8.3547e-06,0,9.0361e-06,65792,-7951.3,73743,0.78647
0.81218,1.1645,-0.023062,0,290.78,0,0,0,2.6168e-05,0,2.8348e-05,65667,-8070.9,73738,0.78497
0.81319,1.1646,-0.022958,0,290.5,0,0,0,4.4393e-05,0,4.8062e-05,65601,-8117.2,73719,0.78494
0.81451,1.1647,-0.022843,0,289.37,0,0,0,5.7735e-05,0,6.2354e-05,65514,-8222.7,73737,0.78694
0.8163,1.1648,-0.022717,0,287.68,0,0,0,6.5206e-05,0,7.0137e-05,65396,-8374.1,73770,0.79016
0.8165,1.1648,-0.022578,0,286.27,0,0,0,6.9903e-05,0,7.4842e-05,65383,-8436.9,73820,0.79387
0.81611,1.1649,-0.022425,0,285.47,0,0,0,7.2967e-05,0,7.7875e-05,65409,-8494.9,73904,0.79642
0.81566,1.165,-0.022257,0,284.77,0,0,0,7.4837e-05,0,7.964e-05,65438,-8543.9,73982,0.79873
0.81278,1.1651,-0.022081,0,284.24,0,0,0,7.6113e-05,0,8.0614e-05,65628,-8385.6,74013,0.80253
0.80871,1.1652,-0.021905,0,283.95,0,0,0,7.7817e-05,0,8.1996e-05,65897,-8083.9,73980,0.80665
0.80709,1.1653,-0.021729,0,283.83,0,0,0,7.7387e-05,0,8.1378e-05,66004,-7868.1,73872,0.80831
0.80691,1.1655,-0.021555,0,283.69,0,0,0,7.4822e-05,0,7.8631e-05,66015,-7766.1,73782,0.80883
0.80604,1.1656,-0.021381,0,283.59,0,0,0,7.3664e-05,0,7.7317e-05,66072,-7680.1,73753,0.80984
0.80482,1.1657,-0.021207,0,283.75,0,0,0,7.385e-05,0,7.7462e-05,66153,-7548.1,73701,0.81037
0.80533,1.1658,-0.021033,0,283.66,0,0,0,7.4921e-05,0,7.8601e-05,66119,-7516.7,73636,0.8102
0.81113,1.1659,-0.020858,0,283.59,0,0,0,6.4124e-05,0,6.7585e-05,65737,-7849.4,73586,0.80572
0.81779,1.166,-0.020684,0,283.33,0,0,0,2.6249e-05,0,2.7838e-05,65298,-8206.9,73505,0.80107
0.81836,1.1661,-0.02051,0,282.72,0,0,0,0,0,0,65260,-8091.4,73352,0.80233
0.81485,1.1662,-0.020336,0,282.92,0,0,0,0,0,0,65492,-7571.7,73063,0.80461
0.81244,1.1663,-0.020165,0,283.29,0,0,0,0,0,0,65651,-7221.1,72872,0.80551
0.81035,1.1664,-0.019993,0,283.32,0,0,0,0,0,0,65788,-7108.6,72897,0.80711
0.80811,1.1666,-0.019822,0,283.27,0,0,0,0,0,0,65936,-6954.1,72890,0.80906
0.80762,1.1667,-0.019651,0,283.13,0,0,0,0,0,0,65968,-6841.8,72810,0.80986
0.80897,1.1668,-0.019479,0,282.83,0,0,0,0,0,0,65880,-6819.4,72699,0.80963
0.81225,1.1669,-0.019308,0,282.36,0,0,0,0,0,0,65663,-6906,72569,0.80831
0.81801,1.167,-0.019136,0,281.59,0,0,0,0,0,0,65283,-7142.1,72425,0.80582
0.82135,1.1671,-0.018965,0,281.48,0,0,0,0,0,0,65063,-7109.1,72172,0.80342
0.81646,1.1672,-0.018796,0,282.2,0,0,0,0,0,0,65386,-6557.4,71943,0.80536
0.80726,1.1674,-0.018628,0,282.91,0,0,0,0,0,0,65993,-5852.2,71845,0.81078
0.81122,1.1675,-0.018459,0,282.6,0,0,0,0,0,0,65731,-6026.5,71757,0.80844
0.83128,1.1676,-0.018291,0,280.74,0,0,0,0,0,0,64409,-7301.5,71710,0.79742
0.84383,1.1677,-0.018122,0,279.35,0,0,0,0,0,0,63583,-8082.6,71665,0.79113
0.83531,1.1678,-0.017954,0,279.74,0,0,0,0,0,0,64143,-7384.9,71528,0.79698
0.81988,1.1679,-0.017785,0,280.91,0,0,0,0,0,0,65160,-6164.3,71324,0.80624
0.26084,1.1694,-0.019262,0,288.54,0,0,0,0,0,0,96643,1072.6,95571,1.1642
0.29079,1.1695,-0.019173,0,287.53,0,0,0,0,0,0,95549,-159.97,95709,1.1551
0.30432,1.1696,-0.01908,0,286.94,0,0,0,0,0,0,95021,-832.34,95854,1.151
0.2789,1.1697,-0.018981,0,287.69,0,0,0,0,0,0,95996,-21.354,96017,1.1598
0.24928,1.1698,-0.01888,0,288.52,0,0,0,0,0,0,97038,886.89,96151,1.1691
0.25713,1.1699,-0.018774,0,288.24,0,0,0,0,0,0,96772,535.53,96236,1.167
0.27835,1.17,-0.018662,0,287.56,0,0,0,0,0,0,96016,-298.79,96315,1.1606
0.28392,1.1701,-0.018545,0,287.33,0,0,0,0,0,0,95809,-565.29,96374,1.159
0.28061,1.1702,-0.018422,0,287.4,0,0,0,0,0,0,95932,-485.07,96417,1.1602
0.27367,1.1703,-0.018293,0,287.66,0,0,0,0,0,0,96187,-273.55,96460,1.1622
0.25733,1.1704,-0.018157,0,288.22,0,0,0,0,0,0,96765,216.31,96549,1.167
0.26374,1.1706,-0.018016,0,288.06,0,0,0,0,0,0,96542,-98.801,96641,1.1649
0.29282,1.1707,-0.017869,0,287.1,0,0,0,0,0,0,95471,-1196.9,96668,1.1558
0.28347,1.1709,-0.017714,0,287.35,0,0,0,0,0,0,95826,-857.27,96683,1.1591
0.24304,1.171,-0.017552,0,288.59,0,0,0,0,0,0,97244,502.07,96742,1.1712
0.24282,1.1712,-0.017382,0,288.62,0,0,0,0,0,0,97252,397.76,96854,1.1712
0.27217,1.1714,-0.017204,0,287.65,0,0,0,0,0,0,96241,-721.23,96963,1.1629
0.27174,1.1716,-0.01702,0,287.55,0,0,0,0,0,0,96257,-740.68,96998,1.1635
0.25102,1.1718,-0.016828,0,288.14,0,0,0,0,0,0,96980,-36.16,97016,1.1699
0.25027,1.172,-0.016625,0,288.14,0,0,0,0,0,0,97005,-57.896,97063,1.1702
0.2523,1.1722,-0.016412,0,288.02,0,0,0,0,0,0,96936,-166.29,97103,1.1698
0.23779,1.1725,-0.016189,0,288.38,0,0,0,0,0,0,97414,239.15,97175,1.1741
0.23454,1.1727,-0.015967,0,288.46,0,0,0,0,0,0,97518,218.44,97300,1.1751
0.23243,1.1729,-0.015744,0,288.45,0,0,0,0,0,0,97585,118.02,97467,1.1759
0.21612,1.1732,-0.015527,0,288.77,0,0,0,0,0,0,98081,491.61,97589,1.1806
0.21539,1.1734,-0.015312,0,288.75,0,0,0,0,0,0,98102,466.92,97635,1.1809
0.22261,1.1736,-0.015096,0,288.54,0,0,0,0,0,0,97887,205.27,97682,1.1792
0.21847,1.1739,-0.014881,0,288.63,0,0,0,0,0,0,98011,281.9,97729,1.1803
0.22089,1.1741,-0.014666,0,288.55,0,0,0,0,0,0,97939,140.75,97798,1.1798
0.22001,1.1743,-0.01445,0,288.56,0,0,0,0,0,0,97965,61.592,97904,1.1801
0.20341,1.1746,-0.014235,0,288.92,0,0,0,0,0,0,98444,399.7,98044,1.1843
0.20706,1.1748,-0.014024,0,288.75,0,0,0,0,0,0,98342,171.76,98170,1.1838
0.21355,1.1751,-0.013815,0,288.52,0,0,0,0,0,0,98156,-76.426,98232,1.1825
0.18925,1.1753,-0.013607,0,289.05,0,0,0,0,0,0,98825,560.44,98265,1.1884
0.18692,1.1756,-0.013399,0,289.11,0,0,0,0,0,0,98885,586.76,98298,1.1889
0.21123,1.1758,-0.01319,0,288.53,0,0,0,0,0,0,98223,-136.08,98359,1.1833
0.19683,1.176,-0.012982,0,288.84,0,0,0,0,0,0,98624,175.3,98449,1.1868
0.16821,1.1763,-0.012774,0,289.43,0,0,0,0,0,0,99343,772.82,98571,1.193
0.18009,1.1765,-0.012569,0,289.12,0,0,0,0,0,0,99058,360.78,98697,1.1909
0.18993,1.1768,-0.012368,0,288.83,0,0,0,0,0,0,98807,42.863,98765,1.1891
0.17808,1.177,-0.012166,0,289.05,0,0,0,0,0,0,99107,324.03,98783,1.1918
0.18586,1.1773,-0.011965,0,288.88,0,0,0,0,0,0,98912,107.26,98805,1.1901
0.19548,1.1775,-0.011764,0,288.65,0,0,0,0,0,0,98661,-192.6,98853,1.1881
0.17123,1.1778,-0.011563,0,289.14,0,0,0,0,0,0,99273,348.04,98925,1.1934
0.16019,1.178,-0.011362,0,289.35,0,0,0,0,0,0,99526,498.79,99027,1.1956
0.17358,1.1783,-0.011163,0,289.02,0,0,0,0,0,0,99217,65.63,99151,1.1932
0.15759,1.1785,-0.010969,0,289.25,0,0,0,0,0,0,99583,368,99215,1.1967
0.13817,1.1788,-0.010775,0,289.57,0,0,0,0,0,0,99983,768.23,99214,1.2001
0.15949,1.1791,-0.010581,0,289.19,0,0,0,0,0,0,99541,316.53,99225,1.1964
0.16686,1.1793,-0.010386,0,289.03,0,0,0,0,0,0,99375,98.642,99276,1.1951
0.14283,1.1796,-0.010192,0,289.46,0,0,0,0,0,0,99891,547.75,99343,1.1995
0.14171,1.1798,-0.0099982,0,289.49,0,0,0,0,0,0,99913,498.64,99415,1.1997
0.15062,1.1801,-0.0098058,0,289.27,0,0,0,0,0,0,99732,210.53,99522,1.1984
0.13282,1.1803,-0.0096188,0,289.5,0,0,0,0,0,0,1.0008e+05,494.75,99589,1.2017
0.13015,1.1806,-0.0094317,0,289.54,0,0,0,0,0,0,1.0013e+05,549.28,99583,1.2021
0.14474,1.1809,-0.0092447,0,289.29,0,0,0,0,0,0,99853,265.08,99588,1.1997
0.8128,1.168,-0.017684,0,281.53,0,0,0,0,0,0,65627,-5471.1,71098,0.81025
0.82639,1.1681,-0.017578,0,280.62,0,0,0,0,0,0,64731,-6089.4,70820,0.80174
0.85386,1.1682,-0.017469,0,278.54,0,0,0,0,0,0,62924,-7717.3,70641,0.78521
0.86631,1.1682,-0.017354,0,277.19,0,0,0,0,0,0,62107,-8510.4,70618,0.77881
0.8469,1.1683,-0.017233,0,278.46,0,0,0,0,0,0,63381,-7195.7,70577,0.79108
0.81968,1.1684,-0.017106,0,280.87,0,0,0,0,0,0,65173,-5320.8,70494,0.80652
0.82698,1.1685,-0.016973,0,280.54,0,0,0,0,0,0,64692,-5750.8,70443,0.80149
0.85347,1.1686,-0.016833,0,278.2,0,0,0,0,0,0,62950,-7463.9,70413,0.78646
0.86615,1.1687,-0.016686,0,276.79,0,0,0,0,0,0,62118,-8194,70312,0.78007
0.85767,1.1689,-0.016532,0,277.09,0,0,0,0,0,0,62674,-7470.2,70144,0.78616
0.84422,1.169,-0.01637,0,278.18,0,0,0,0,0,0,63557,-6390.4,69948,0.79414
0.84691,1.1691,-0.016201,0,278.32,0,0,0,0,0,0,63380,-6380,69760,0.79153
0.85859,1.1692,-0.016026,0,277.42,0,0,0,0,0,0,62613,-7076.6,69690,0.78449
0.85783,1.1694,-0.015842,0,277.27,0,0,0,0,0,0,62663,-7008.3,69671,0.78555
0.85024,1.1695,-0.015649,0,277.76,0,0,0,0,0,0,63161,-6462,69623,0.7904
0.84995,1.1697,-0.015446,0,277.66,0,0,0,0,0,0,63180,-6432.7,69613,0.79091
0.84965,1.1698,-0.015233,0,277.46,0,0,0,0,0,0,63200,-6410.8,69611,0.79173
0.85226,1.17,-0.01501,0,277.29,0,0,0,0,0,0,63029,-6442.2,69471,0.79006
0.85731,1.1702,-0.014779,0,277.01,0,0,0,0,0,0,62698,-6613.1,69311,0.78672
0.85447,1.1704,-0.014537,0,277.09,0,0,0,0,0,0,62883,-6421.3,69305,0.78882
0.85245,1.1706,-0.014284,0,277.02,0,0,0,0,0,0,63016,-6360.1,69376,0.79068
0.85444,1.1708,-0.014018,0,276.47,0,0,0,0,0,0,62886,-6534.8,69421,0.79061
0.8523,1.171,-0.013753,0,276.62,0,0,0,0,0,0,63026,-6295.1,69321,0.79196
0.85089,1.1713,-0.013491,0,276.99,0,0,0,0,0,0,63119,-6091.9,69211,0.79207
0.8535,1.1715,-0.013232,0,276.55,0,0,0,0,0,0,62947,-6304,69252,0.79117
0.85134,1.1717,-0.012972,0,276.35,0,0,0,0,0,0,63089,-6256,69345,0.79352
0.84432,1.1719,-0.012713,0,276.69,0,0,0,0,0,0,63550,-5822.8,69373,0.79834
0.84466,1.1722,-0.012454,0,276.68,0,0,0,0,0,0,63528,-5763.8,69292,0.7981
0.84704,1.1724,-0.012199,0,276.46,0,0,0,0,0,0,63372,-5902.6,69274,0.79677
0.84273,1.1726,-0.011946,0,276.55,0,0,0,0,0,0,63655,-5720.8,69376,0.80008
0.83912,1.1728,-0.011692,0,276.59,0,0,0,0,0,0,63892,-5579,69471,0.80293
0.83947,1.1731,-0.011439,0,276.22,0,0,0,0,0,0,63869,-5671.1,69540,0.8037
0.83819,1.1733,-0.011185,0,276.23,0,0,0,0,0,0,63954,-5561.6,69515,0.80474
0.83587,1.1735,-0.010937,0,276.42,0,0,0,0,0,0,64106,-5431.1,69537,0.80612
0.83406,1.1738,-0.01069,0,276.29,0,0,0,0,0,0,64226,-5461.3,69687,0.808
0.82906,1.174,-0.010443,0,276.36,0,0,0,0,0,0,64555,-5252.6,69807,0.81194
0.82558,1.1742,-0.010195,0,276.51,0,0,0,0,0,0,64784,-5068.3,69852,0.81438
0.82541,1.1745,-0.009951,0,276.46,0,0,0,0,0,0,64795,-5123.3,69919,0.81466
0.82128,1.1747,-0.0097092,0,276.58,0,0,0,0,0,0,65067,-5023.1,70091,0.81772
0.81536,1.175,-0.0094675,0,276.76,0,0,0,0,0,0,65458,-4826.9,70285,0.82208
0.81409,1.1752,-0.0092257,0,276.62,0,0,0,0,0,0,65541,-4869.2,70411,0.82357
0.8107,1.1755,-0.0089856,0,276.77,0,0,0,0,0,0,65765,-4738,70503,0.82592
0.80412,1.1757,-0.0087498,0,277.2,0,0,0,0,0,0,66199,-4504.8,70704,0.83009
0.80056,1.176,-0.0085139,0,277.23,0,0,0,0,0,0,66434,-4551.2,70985,0.83293
0.79579,1.1762,-0.0082781,0,277.21,0,0,0,0,0,0,66749,-4461.6,71211,0.83694
0.78833,1.1764,-0.0080422,0,277.68,0,0,0,0,0,0,67242,-4107.6,71349,0.84171
0.7844,1.1767,-0.0078122,0,277.96,0,0,0,0,0,0,67501,-4081.7,71583,0.84409
0.7811,1.177,-0.0075825,0,277.92,0,0,0,0,0,0,67719,-4221.6,71940,0.84695
0.77156,1.1772,-0.0073527,0,278.25,0,0,0,0,0,0,68348,-3918.5,72267,0.8538
0.76583,1.1775,-0.007123,0,278.48,0,0,0,0,0,0,68726,-3816.1,72542,0.85781
0.76304,1.1777,-0.0068972,0,278.59,0,0,0,0,0,0,68910,-3928.6,72839,0.85978
0.75058,1.178,-0.0066737,0,279.3,0,0,0,0,0,0,69732,-3496.8,73228,0.8678
0.73834,1.1782,-0.0064502,0,279.91,0,0,0,0,0,0,70537,-3123.5,73660,0.87592
0.73094,1.1785,-0.0062267,0,280.14,0,0,0,0,0,0,71023,-3022.6,74046,0.88121
0.71996,1.1788,-0.0060053,0,280.82,0,0,0,0,0,0,71743,-2619.6,74363,0.88799
0.71206,1.179,-0.0057883,0,281.27,0,0,0,0,0,0,72261,-2491.7,74753,0.89298
0.12977,1.1811,-0.0090621,0,289.51,0,0,0,0,0,0,1.0014e+05,520.73,99619,1.2023
0.11401,1.1814,-0.0088795,0,289.74,0,0,0,0,0,0,1.0041e+05,750.01,99658,1.2046
0.12457,1.1816,-0.0086969,0,289.61,0,0,0,0,0,0,1.0023e+05,516.32,99716,1.203
0.11391,1.1819,-0.0085145,0,289.7,0,0,0,0,0,0,1.0041e+05,577.57,99832,1.2047
0.09767,1.1821,-0.0083388,0,289.83,0,0,0,0,0,0,1.0065e+05,754.32,99897,1.2071
0.11505,1.1824,-0.008163,0,289.61,0,0,0,0,0,0,1.0039e+05,516.32,99875,1.2049
0.11627,1.1827,-0.0079873,0,289.58,0,0,0,0,0,0,1.0037e+05,489.78,99882,1.2048
0.10588,1.1829,-0.0078116,0,289.72,0,0,0,0,0,0,1.0053e+05,631.87,99902,1.2061
0.11823,1.1832,-0.0076359,0,289.55,0,0,0,0,0,0,1.0034e+05,422.35,99917,1.2045
0.10881,1.1834,-0.0074602,0,289.68,0,0,0,0,0,0,1.0049e+05,530.62,99959,1.2058
0.085967,1.1837,-0.0072845,0,289.93,0,0,0,0,0,0,1.008e+05,744.39,1.0006e+05,1.2085
0.10391,1.184,-0.0071137,0,289.67,0,0,0,0,0,0,1.0056e+05,438.82,1.0012e+05,1.2067
0.10312,1.1842,-0.0069449,0,289.64,0,0,0,0,0,0,1.0057e+05,460.63,1.0011e+05,1.207
0.075585,1.1845,-0.006776,0,289.92,0,0,0,0,0,0,1.0092e+05,807.86,1.0011e+05,1.2099
0.10081,1.1847,-0.0066072,0,289.67,0,0,0,0,0,0,1.0061e+05,480.53,1.0013e+05,1.2072
0.11767,1.185,-0.0064383,0,289.44,0,0,0,0,0,0,1.0035e+05,214.31,1.0013e+05,1.2051
0.089141,1.1853,-0.0062694,0,289.79,0,0,0,0,0,0,1.0076e+05,600.59,1.0016e+05,1.2086
0.090417,1.1855,-0.0061006,0,289.8,0,0,0,0,0,0,1.0075e+05,509.77,1.0024e+05,1.2084
0.11066,1.1858,-0.0059345,0,289.5,0,0,0,0,0,0,1.0046e+05,151.96,1.0031e+05,1.2062
0.085707,1.1861,-0.0057725,0,289.72,0,0,0,0,0,0,1.0081e+05,486.41,1.0032e+05,1.2094
0.073952,1.1863,-0.0056104,0,289.84,0,0,0,0,0,0,1.0094e+05,625.85,1.0031e+05,1.2105
0.11047,1.1866,-0.0054484,0,289.45,0,0,0,0,0,0,1.0046e+05,145.98,1.0032e+05,1.2064
0.10536,1.1869,-0.0052863,0,289.5,0,0,0,0,0,0,1.0054e+05,224.93,1.0032e+05,1.2072
0.073068,1.1871,-0.0051242,0,289.84,0,0,0,0,0,0,1.0095e+05,614.99,1.0033e+05,1.2106
0.095263,1.1874,-0.0049622,0,289.65,0,0,0,0,0,0,1.0068e+05,299.5,1.0038e+05,1.2082
0.10398,1.1877,-0.0048008,0,289.49,0,0,0,0,0,0,1.0056e+05,95.531,1.0047e+05,1.2074
0.066534,1.188,-0.0046455,0,289.79,0,0,0,0,0,0,1.0101e+05,514.65,1.005e+05,1.2116
0.072433,1.1882,-0.0044902,0,289.76,0,0,0,0,0,0,1.0095e+05,477.64,1.0048e+05,1.211
0.10596,1.1885,-0.0043349,0,289.41,0,0,0,0,0,0,1.0053e+05,59.457,1.0047e+05,1.2074
0.092321,1.1888,-0.0041796,0,289.55,0,0,0,0,0,0,1.0072e+05,251.7,1.0047e+05,1.2091
0.052058,1.189,-0.0040243,0,289.9,0,0,0,0,0,0,1.0113e+05,655.29,1.0048e+05,1.2126
0.039621,1.1893,-0.003869,0,289.99,0,0,0,0,0,0,1.0121e+05,705.38,1.0051e+05,1.2131
0.061691,1.1896,-0.0037137,0,289.85,0,0,0,0,0,0,1.0106e+05,473.16,1.0058e+05,1.2119
0.090964,1.1899,-0.0035636,0,289.52,0,0,0,0,0,0,1.0074e+05,104.94,1.0064e+05,1.2095
0.089815,1.1901,-0.003415,0,289.49,0,0,0,0,0,0,1.0075e+05,129.26,1.0063e+05,1.2097
0.0096648,1.1904,-0.0032664,0,289.96,0,0,0,0,0,0,1.0132e+05,709.43,1.0061e+05,1.2145
0,1.1907,-0.0031178,0,290.19,0,0,0,0,0,0,1.0156e+05,963.3,1.006e+05,1.2165
0.0674,1.191,-0.0029691,0,289.73,0,0,0,0,0,0,1.01e+05,395.41,1.0061e+05,1.2117
0.70829,1.1793,-0.0055791,0,281.2,0,0,0,0,0,0,72507,-2710.8,75218,0.89624
0.69769,1.1795,-0.00537,0,281.63,0,0,0,0,0,0,73199,-2413.8,75612,0.90341
0.68926,1.1798,-0.0051609,0,282.12,0,0,0,0,0,0,73747,-2139.1,75886,0.9086
0.68626,1.18,-0.0049575,0,282.19,0,0,0,0,0,0,73942,-2265.8,76208,0.91079
0.67315,1.1803,-0.0047547,0,282.82,0,0,0,0,0,0,74791,-1876.5,76668,0.91917
0.65869,1.1806,-0.004552,0,283.6,0,0,0,0,0,0,75723,-1371.4,77094,0.92809
0.65904,1.1808,-0.0043493,0,283.4,0,0,0,0,0,0,75701,-1689.7,77390,0.92847
0.65917,1.1811,-0.0041492,0,283.24,0,0,0,0,0,0,75692,-1950.7,77643,0.92889
0.64876,1.1814,-0.0039531,0,283.78,0,0,0,0,0,0,76360,-1646,78006,0.93528
0.64062,1.1816,-0.003757,0,284.14,0,0,0,0,0,0,76879,-1539.5,78419,0.94045
0.64445,1.1819,-0.0035608,0,283.66,0,0,0,0,0,0,76635,-2130.5,78766,0.93905
0.64358,1.1822,-0.0033647,0,283.53,0,0,0,0,0,0,76691,-2328,79019,0.94017
0.62337,1.1824,-0.0031749,0,284.72,0,0,0,0,0,0,77974,-1339.8,79313,0.95189
0.60351,1.1827,-0.0029855,0,285.79,0,0,0,0,0,0,79220,-490.14,79711,0.96351
0.59719,1.183,-0.0027962,0,285.93,0,0,0,0,0,0,79614,-462.82,80077,0.96781
0.59882,1.1832,-0.0026068,0,285.62,0,0,0,0,0,0,79512,-846.36,80359,0.96762
0.59618,1.1835,-0.0024206,0,285.65,0,0,0,0,0,0,79676,-933.65,80610,0.96952
0.58241,1.1838,-0.0022382,0,286.34,0,0,0,0,0,0,80528,-412.56,80940,0.97753
0.57104,1.1841,-0.0020558,0,286.84,0,0,0,0,0,0,81224,-84.329,81308,0.98424
0.5766,1.1843,-0.0018735,0,286.29,0,0,0,0,0,0,80884,-728.18,81612,0.98202
0.57654,1.1846,-0.0016911,0,286.11,0,0,0,0,0,0,80888,-945.16,81833,0.98269
0.55788,1.1849,-0.0015157,0,287.12,0,0,0,0,0,0,82022,-89.004,82111,0.99293
0.54401,1.1852,-0.0013405,0,287.79,0,0,0,0,0,0,82853,382.75,82471,1.0007
0.54007,1.1854,-0.0011653,0,287.84,0,0,0,0,0,0,83087,306.39,82781,1.0033
0.5361,1.1857,-0.00099012,0,287.92,0,0,0,0,0,0,83322,291.79,83031,1.0059
0.52916,1.186,-0.00081862,0,288.21,0,0,0,0,0,0,83732,458.51,83273,1.0098
0.52158,1.1863,-0.0006508,0,288.52,0,0,0,0,0,0,84175,609.47,83566,1.0141
0.52357,1.1866,-0.00048297,0,288.24,0,0,0,0,0,0,84059,187.38,83872,1.0136
0.52871,1.1869,-0.00031514,0,287.78,0,0,0,0,0,0,83758,-382.75,84141,1.0117
0.51717,1.1871,-0.00014755,0,288.32,0,0,0,0,0,0,84432,85.344,84347,1.0179
0.50309,1.1874,1.2694e-05,0,289.03,0,0,0,0,0,0,85242,663.13,84579,1.0251
0.49889,1.1877,0.00017294,0,289.14,0,0,0,0,0,0,85482,601.16,84881,1.0276
0.49073,1.188,0.00033318,0,289.48,0,0,0,0,0,0,85944,794.13,85150,1.032
0.48018,1.1883,0.00049343,0,289.96,0,0,0,0,0,0,86535,1183.5,85351,1.0373
0.47855,1.1886,0.00064934,0,289.99,0,0,0,0,0,0,86625,1078.8,85547,1.0383
0.47932,1.1889,0.0008018,0,289.89,0,0,0,0,0,0,86582,776.81,85806,1.0381
0.47335,1.1892,0.00095425,0,290.17,0,0,0,0,0,0,86913,856.39,86056,1.0411
0.46957,1.1895,0.0011067,0,290.33,0,0,0,0,0,0,87121,870.88,86250,1.043
0.086182,1.1913,-0.0028042,0,289.56,0,0,0,0,0,0,1.008e+05,168.18,1.0063e+05,1.21
0,1.1916,-0.0026392,0,289.99,0,0,0,0,0,0,1.0135e+05,657.97,1.0069e+05,1.2147
0,1.1919,-0.0024794,0,290.04,0,0,0,0,0,0,1.0145e+05,713,1.0074e+05,1.2158
0.053477,1.1922,-0.0023218,0,289.75,0,0,0,0,0,0,1.0112e+05,388.71,1.0073e+05,1.2131
0.043644,1.1925,-0.0021642,0,289.79,0,0,0,0,0,0,1.0119e+05,474.88,1.0072e+05,1.2137
0.030379,1.1928,-0.0020065,0,289.86,0,0,0,0,0,0,1.0126e+05,558.7,1.007e+05,1.2142
0.051108,1.1931,-0.0018489,0,289.76,0,0,0,0,0,0,1.0114e+05,426.17,1.0071e+05,1.2132
0.024137,1.1934,-0.0016913,0,289.9,0,0,0,0,0,0,1.0128e+05,534.28,1.0075e+05,1.2144
0,1.1937,-0.0015345,0,289.94,0,0,0,0,0,0,1.0136e+05,559.03,1.0081e+05,1.2152
0.04114,1.1941,-0.0013842,0,289.74,0,0,0,0,0,0,1.0121e+05,375.25,1.0083e+05,1.2141
0.01142,1.1944,-0.0012338,0,289.82,0,0,0,0,0,0,1.0132e+05,498.34,1.0082e+05,1.2151
0,1.1947,-0.0010835,0,289.9,0,0,0,0,0,0,1.0138e+05,571.97,1.0081e+05,1.2156
0.052406,1.195,-0.0009331,0,289.69,0,0,0,0,0,0,1.0113e+05,327.25,1.008e+05,1.2134
0.037052,1.1953,-0.00078275,0,289.77,0,0,0,0,0,0,1.0123e+05,415.24,1.0081e+05,1.2142
0,1.1956,-0.00063239,0,289.94,0,0,0,0,0,0,1.0143e+05,565.76,1.0086e+05,1.216
0.036983,1.1959,-0.00048582,0,289.73,0,0,0,0,0,0,1.0123e+05,308.44,1.0092e+05,1.2144
0.038603,1.1963,-0.00034267,0,289.68,0,0,0,0,0,0,1.0122e+05,299.63,1.0092e+05,1.2145
0,1.1966,-0.00019952,0,289.89,0,0,0,0,0,0,1.0145e+05,552.23,1.009e+05,1.2165
0.035365,1.1969,-5.637e-05,0,289.73,0,0,0,0,0,0,1.0124e+05,338.59,1.009e+05,1.2145
0.057892,1.1972,8.6781e-05,0,289.59,0,0,0,0,0,0,1.0109e+05,187.58,1.009e+05,1.2133
0,1.1975,0.00022993,0,289.86,0,0,0,0,0,0,1.0139e+05,482.29,1.0091e+05,1.2158
0,1.1978,0.00037308,0,289.87,0,0,0,0,0,0,1.0141e+05,437.23,1.0097e+05,1.216
0.045888,1.1982,0.00050961,0,289.61,0,0,0,0,0,0,1.0118e+05,157.77,1.0102e+05,1.2143
0,1.1985,0.00064563,0,289.77,0,0,0,0,0,0,1.0138e+05,389.49,1.01e+05,1.2161
0,1.1988,0.00078166,0,289.92,0,0,0,0,0,0,1.0153e+05,559.59,1.0097e+05,1.2173
0.049528,1.1991,0.00091768,0,289.62,0,0,0,0,0,0,1.0115e+05,175.77,1.0098e+05,1.214
0.052453,1.1994,0.0010537,0,289.59,0,0,0,0,0,0,1.0113e+05,147.97,1.0098e+05,1.2138
0,1.1998,0.0011897,0,289.9,0,0,0,0,0,0,1.0148e+05,467.09,1.0101e+05,1.2167
0,1.2001,0.0013234,0,289.76,0,0,0,0,0,0,1.0134e+05,274.73,1.0107e+05,1.2156
0.052217,1.2004,0.0014524,0,289.54,0,0,0,0,0,0,1.0113e+05,45.339,1.0109e+05,1.2141
0,1.2007,0.0015814,0,289.77,0,0,0,0,0,0,1.0141e+05,350.49,1.0106e+05,1.2164
0,1.2011,0.0017103,0,289.79,0,0,0,0,0,0,1.014e+05,365.18,1.0104e+05,1.2163
0.065352,1.2014,0.0018393,0,289.48,0,0,0,0,0,0,1.0102e+05,-23.545,1.0105e+05,1.213
0.040326,1.2017,0.0019683,0,289.64,0,0,0,0,0,0,1.0121e+05,136.71,1.0107e+05,1.2146
0,1.202,0.0020972,0,289.91,0,0,0,0,0,0,1.0153e+05,411.33,1.0112e+05,1.2172
0.046961,1.2024,0.0022221,0,289.59,0,0,0,0,0,0,1.0117e+05,22.716,1.0115e+05,1.2143
0.066441,1.2027,0.0023454,0,289.43,0,0,0,0,0,0,1.0101e+05,-139.74,1.0115e+05,1.2131
0,1.203,0.0024688,0,289.84,0,0,0,0,0,0,1.0149e+05,327.68,1.0116e+05,1.2171
0.4657,1.1898,0.0012681,0,290.5,0,0,0,0,0,0,87332,899.99,86432,1.0449
0.45461,1.1901,0.0014222,0,291.04,0,0,0,0,0,0,87933,1274.1,86659,1.0502
0.44924,1.1904,0.0015762,0,291.26,0,0,0,0,0,0,88221,1334.1,86886,1.0528
0.45166,1.1907,0.0017303,0,291.07,0,0,0,0,0,0,88091,1004.4,87086,1.0519
0.44937,1.191,0.0018843,0,291.11,0,0,0,0,0,0,88214,941.3,87272,1.0533
0.44453,1.1914,0.0020301,0,291.26,0,0,0,0,0,0,88471,1014.5,87456,1.0558
0.44427,1.1917,0.0021754,0,291.16,0,0,0,0,0,0,88485,825.23,87659,1.0563
0.44419,1.192,0.0023207,0,291.03,0,0,0,0,0,0,88489,625.57,87863,1.0569
0.44378,1.1923,0.0024661,0,290.9,0,0,0,0,0,0,88510,478.66,88032,1.0576
0.44471,1.1926,0.0026039,0,290.7,0,0,0,0,0,0,88461,280.9,88180,1.0577
0.4455,1.193,0.0027392,0,290.49,0,0,0,0,0,0,88420,41.621,88378,1.058
0.44434,1.1933,0.0028746,0,290.39,0,0,0,0,0,0,88481,-104.22,88585,1.0591
0.44063,1.1936,0.0030099,0,290.42,0,0,0,0,0,0,88677,-72.983,88750,1.0613
0.43768,1.1939,0.0031453,0,290.42,0,0,0,0,0,0,88832,-44.792,88876,1.0632
0.43729,1.1943,0.0032752,0,290.29,0,0,0,0,0,0,88852,-158.37,89011,1.0639
0.43797,1.1946,0.0033999,0,290.11,0,0,0,0,0,0,88817,-365.59,89182,1.0641
0.43772,1.1949,0.0035246,0,289.99,0,0,0,0,0,0,88830,-519.64,89349,1.0647
0.43709,1.1952,0.0036493,0,289.89,0,0,0,0,0,0,88862,-648.5,89511,1.0655
0.43589,1.1956,0.003774,0,289.82,0,0,0,0,0,0,88926,-738.15,89664,1.0665
0.43407,1.1959,0.003896,0,289.77,0,0,0,0,0,0,89020,-759.66,89780,1.0678
0.43261,1.1962,0.0040106,0,289.71,0,0,0,0,0,0,89096,-808.52,89905,1.069
0.43171,1.1966,0.0041252,0,289.64,0,0,0,0,0,0,89143,-928.03,90071,1.0698
0.43139,1.1969,0.0042398,0,289.56,0,0,0,0,0,0,89160,-1061,90221,1.0703
0.43045,1.1972,0.0043544,0,289.52,0,0,0,0,0,0,89209,-1115.7,90324,1.071
0.42825,1.1976,0.004469,0,289.54,0,0,0,0,0,0,89322,-1096.1,90418,1.0723
0.42614,1.1979,0.0045741,0,289.56,0,0,0,0,0,0,89431,-1132.5,90564,1.0735
0.42543,1.1982,0.0046792,0,289.53,0,0,0,0,0,0,89468,-1267.2,90735,1.0741
0.42522,1.1986,0.0047843,0,289.49,0,0,0,0,0,0,89479,-1383.9,90862,1.0744
0.42478,1.1989,0.0048894,0,289.46,0,0,0,0,0,0,89501,-1471.9,90973,1.0747
0.42488,1.1992,0.0049945,0,289.39,0,0,0,0,0,0,89496,-1580.6,91076,1.0749
0.42439,1.1996,0.005093,0,289.36,0,0,0,0,0,0,89522,-1672.3,91194,1.0754
0.42321,1.1999,0.0051892,0,289.36,0,0,0,0,0,0,89582,-1763.6,91345,1.0761
0.423,1.2003,0.0052855,0,289.31,0,0,0,0,0,0,89593,-1901.9,91495,1.0764
0.42273,1.2006,0.0053817,0,289.27,0,0,0,0,0,0,89606,-2016.5,91623,1.0767
0.42219,1.2009,0.0054779,0,289.22,0,0,0,0,0,0,89634,-2108.8,91743,1.0772
0.42216,1.2013,0.0055701,0,289.14,0,0,0,0,0,0,89635,-2238,91873,1.0775
0.42154,1.2016,0.0056581,0,289.1,0,0,0,0,0,0,89667,-2344.4,92012,1.0781
0.42093,1.202,0.0057461,0,289.05,0,0,0,0,0,0,89698,-2429.3,92128,1.0786
0,1.2033,0.0025831,0,289.86,0,0,0,0,0,0,1.0149e+05,301.04,1.0119e+05,1.217
0.074091,1.2036,0.0026944,0,289.38,0,0,0,0,0,0,1.0094e+05,-274.16,1.0121e+05,1.2124
0.066152,1.2039,0.0028047,0,289.42,0,0,0,0,0,0,1.0102e+05,-202.07,1.0122e+05,1.2132
0,1.2042,0.0029149,0,289.9,0,0,0,0,0,0,1.0156e+05,344.97,1.0122e+05,1.2178
0,1.2045,0.0030252,0,289.78,0,0,0,0,0,0,1.0139e+05,150.39,1.0124e+05,1.2162
0.080196,1.2048,0.0031319,0,289.3,0,0,0,0,0,0,1.0087e+05,-408.18,1.0128e+05,1.2119
0.050297,1.2051,0.0032356,0,289.49,0,0,0,0,0,0,1.0115e+05,-136.97,1.0128e+05,1.2145
0,1.2054,0.0033393,0,289.93,0,0,0,0,0,0,1.0165e+05,404.07,1.0125e+05,1.2186
0.045563,1.2057,0.003443,0,289.58,0,0,0,0,0,0,1.0118e+05,-38.593,1.0122e+05,1.2145
0.1097,1.206,0.0035468,0,288.99,0,0,0,0,0,0,1.0048e+05,-747.72,1.0122e+05,1.2085
0.073735,1.2063,0.0036505,0,289.36,0,0,0,0,0,0,1.0094e+05,-304.1,1.0124e+05,1.2125
0,1.2066,0.0037542,0,290.04,0,0,0,0,0,0,1.0172e+05,474.8,1.0125e+05,1.2191
0,1.207,0.0038579,0,289.76,0,0,0,0,0,0,1.0133e+05,53.205,1.0128e+05,1.2155
0.097193,1.2073,0.0039603,0,289.14,0,0,0,0,0,0,1.0066e+05,-712.87,1.0137e+05,1.21
0.065974,1.2076,0.0040545,0,289.35,0,0,0,0,0,0,1.0102e+05,-397.98,1.0141e+05,1.2135
0,1.2079,0.0041487,0,289.87,0,0,0,0,0,0,1.0161e+05,249.96,1.0136e+05,1.2184
0.035883,1.2082,0.0042429,0,289.59,0,0,0,0,0,0,1.0123e+05,-77.233,1.0131e+05,1.2151
0.091803,1.2085,0.0043372,0,289.18,0,0,0,0,0,0,1.0073e+05,-579.51,1.0131e+05,1.2108
0.056314,1.2088,0.0044314,0,289.49,0,0,0,0,0,0,1.011e+05,-216.73,1.0132e+05,1.2139
0.018817,1.2091,0.0045256,0,289.68,0,0,0,0,0,0,1.013e+05,-11.082,1.0131e+05,1.2155
0.07468,1.2094,0.0046198,0,289.41,0,0,0,0,0,0,1.0093e+05,-393.21,1.0132e+05,1.2122
0.061923,1.2097,0.004714,0,289.48,0,0,0,0,0,0,1.0105e+05,-355.57,1.0141e+05,1.2134
0,1.21,0.0048004,0,289.74,0,0,0,0,0,0,1.0145e+05,-16.984,1.0147e+05,1.2171
0.046064,1.2103,0.0048841,0,289.51,0,0,0,0,0,0,1.0117e+05,-244.56,1.0142e+05,1.2147
0.07927,1.2107,0.0049678,0,289.27,0,0,0,0,0,0,1.0088e+05,-484.43,1.0136e+05,1.2122
0.038866,1.211,0.0050516,0,289.56,0,0,0,0,0,0,1.0122e+05,-127.56,1.0135e+05,1.215
0.041588,1.2113,0.0051353,0,289.59,0,0,0,0,0,0,1.012e+05,-127.63,1.0133e+05,1.2147
0.087715,1.2116,0.005219,0,289.25,0,0,0,0,0,0,1.0078e+05,-527.01,1.0131e+05,1.2111
0.063696,1.2119,0.0053027,0,289.47,0,0,0,0,0,0,1.0104e+05,-276.69,1.0131e+05,1.2132
0,1.2122,0.0053864,0,289.8,0,0,0,0,0,0,1.014e+05,22.549,1.0137e+05,1.2162
0.059962,1.2125,0.0054661,0,289.48,0,0,0,0,0,0,1.0107e+05,-368.75,1.0144e+05,1.2136
0.074862,1.2128,0.0055384,0,289.28,0,0,0,0,0,0,1.0093e+05,-488.18,1.0142e+05,1.2127
0,1.2132,0.0056106,0,289.64,0,0,0,0,0,0,1.0134e+05,5.1218,1.0134e+05,1.2162
0.042188,1.2135,0.0056829,0,289.57,0,0,0,0,0,0,1.012e+05,-90.568,1.0129e+05,1.2147
0.10038,1.2138,0.0057551,0,289.1,0,0,0,0,0,0,1.0061e+05,-646,1.0126e+05,1.2097
0.079682,1.2141,0.0058274,0,289.32,0,0,0,0,0,0,1.0088e+05,-353.2,1.0123e+05,1.2119
0,1.2144,0.0058996,0,289.74,0,0,0,0,0,0,1.0135e+05,139.03,1.0121e+05,1.2158
0.076595,1.2147,0.0059719,0,289.45,0,0,0,0,0,0,1.0091e+05,-308.9,1.0122e+05,1.2118
0.42216,1.2023,0.00583,0,288.92,0,0,0,0,0,0,89636,-2581.5,92217,1.0784
0.42341,1.2026,0.005914,0,288.8,0,0,0,0,0,0,89571,-2717.4,92289,1.078
0.4226,1.2029,0.0059973,0,288.77,0,0,0,0,0,0,89613,-2727.8,92341,1.0787
0.42179,1.2033,0.006074,0,288.75,0,0,0,0,0,0,89654,-2742.1,92397,1.0792
0.42204,1.2036,0.0061506,0,288.69,0,0,0,0,0,0,89641,-2815,92456,1.0793
0.42165,1.2039,0.0062273,0,288.68,0,0,0,0,0,0,89662,-2843.4,92505,1.0796
0.42148,1.2042,0.006304,0,288.66,0,0,0,0,0,0,89670,-2876.8,92547,1.0798
0.42176,1.2046,0.0063807,0,288.62,0,0,0,0,0,0,89656,-2932.1,92588,1.0797
0.42059,1.2049,0.0064534,0,288.66,0,0,0,0,0,0,89716,-2915.6,92631,1.0803
0.41988,1.2052,0.0065234,0,288.68,0,0,0,0,0,0,89752,-2921.6,92674,1.0807
0.4205,1.2056,0.0065934,0,288.65,0,0,0,0,0,0,89720,-2993.4,92714,1.0804
0.41962,1.2059,0.0066633,0,288.7,0,0,0,0,0,0,89765,-2999.3,92764,1.0807
0.41848,1.2062,0.0067333,0,288.76,0,0,0,0,0,0,89823,-3003.2,92826,1.0812
0.41909,1.2065,0.0068027,0,288.72,0,0,0,0,0,0,89792,-3099,92891,1.081
0.41879,1.2069,0.0068666,0,288.72,0,0,0,0,0,0,89807,-3152.6,92960,1.0812
0.41697,1.2072,0.0069304,0,288.8,0,0,0,0,0,0,89900,-3092.6,92993,1.082
0.41673,1.2075,0.0069942,0,288.8,0,0,0,0,0,0,89912,-3079.5,92992,1.0821
0.41716,1.2079,0.0070581,0,288.77,0,0,0,0,0,0,89890,-3116.5,93007,1.082
0.41555,1.2082,0.0071219,0,288.81,0,0,0,0,0,0,89972,-3072.9,93045,1.0828
0.41405,1.2085,0.0071804,0,288.84,0,0,0,0,0,0,90048,-3048.8,93096,1.0836
0.41473,1.2088,0.007238,0,288.77,0,0,0,0,0,0,90013,-3127.2,93140,1.0835
0.41512,1.2092,0.0072957,0,288.7,0,0,0,0,0,0,89993,-3182.1,93175,1.0835
0.41382,1.2095,0.0073533,0,288.7,0,0,0,0,0,0,90059,-3151.6,93211,1.0843
0.41367,1.2098,0.007411,0,288.63,0,0,0,0,0,0,90067,-3165.3,93232,1.0847
0.41445,1.2102,0.0074643,0,288.51,0,0,0,0,0,0,90027,-3217.6,93245,1.0846
0.41378,1.2105,0.0075154,0,288.46,0,0,0,0,0,0,90061,-3207,93268,1.0852
0.41357,1.2108,0.0075666,0,288.39,0,0,0,0,0,0,90072,-3237.6,93309,1.0856
0.4145,1.2112,0.0076177,0,288.28,0,0,0,0,0,0,90025,-3333,93358,1.0854
0.41429,1.2115,0.0076688,0,288.23,0,0,0,0,0,0,90036,-3351.6,93387,1.0858
0.41358,1.2118,0.0077168,0,288.21,0,0,0,0,0,0,90071,-3333.7,93405,1.0863
0.41376,1.2122,0.007761,0,288.15,0,0,0,0,0,0,90062,-3376,93438,1.0864
0.41437,1.2125,0.0078052,0,288.08,0,0,0,0,0,0,90032,-3459.9,93491,1.0863
0.41499,1.2128,0.0078495,0,288.03,0,0,0,0,0,0,90000,-3531.9,93532,1.0861
0.41496,1.2132,0.0078937,0,288.02,0,0,0,0,0,0,90002,-3531.8,93534,1.0861
0.41464,1.2135,0.0079361,0,288.04,0,0,0,0,0,0,90018,-3520,93538,1.0863
0.41527,1.2138,0.0079731,0,288.03,0,0,0,0,0,0,89986,-3591.3,93577,1.0859
0.41592,1.2142,0.0080101,0,288.04,0,0,0,0,0,0,89953,-3678.8,93632,1.0855
0.41604,1.2145,0.0080471,0,288.09,0,0,0,0,0,0,89947,-3706.9,93654,1.0852
0.0908,1.2151,0.0060488,0,289.23,0,0,0,0,0,0,1.0074e+05,-556.04,1.013e+05,1.2107
0,1.2154,0.0061128,0,289.64,0,0,0,0,0,0,1.0136e+05,48.718,1.0131e+05,1.2164
0,1.2157,0.0061768,0,289.68,0,0,0,0,0,0,1.0134e+05,139.52,1.012e+05,1.216
0.1011,1.2161,0.0062407,0,289.1,0,0,0,0,0,0,1.006e+05,-509.34,1.0111e+05,1.2095
0.1027,1.2164,0.0063047,0,289.08,0,0,0,0,0,0,1.0058e+05,-474.25,1.0105e+05,1.2094
0.032597,1.2168,0.0063687,0,289.67,0,0,0,0,0,0,1.0125e+05,242.46,1.0101e+05,1.2149
0.067917,1.2171,0.0064327,0,289.52,0,0,0,0,0,0,1.01e+05,32.778,1.0097e+05,1.2125
0.1249,1.2174,0.0064967,0,288.92,0,0,0,0,0,0,1.0023e+05,-740.58,1.0097e+05,1.2058
0.10082,1.2178,0.0065581,0,289.16,0,0,0,0,0,0,1.0061e+05,-408.57,1.0102e+05,1.2094
0,1.2181,0.0066077,0,289.71,0,0,0,0,0,0,1.0137e+05,401.88,1.0097e+05,1.2162
0.075614,1.2185,0.0066573,0,289.4,0,0,0,0,0,0,1.0092e+05,103.52,1.0082e+05,1.2121
0.1369,1.2188,0.0067069,0,288.67,0,0,0,0,0,0,1.0001e+05,-691.18,1.007e+05,1.2042
0.13041,1.2191,0.0067565,0,288.79,0,0,0,0,0,0,1.0013e+05,-471.37,1.006e+05,1.2051
0.088671,1.2195,0.0068062,0,289.38,0,0,0,0,0,0,1.0077e+05,270.88,1.005e+05,1.2104
0.11304,1.2198,0.0068558,0,289.17,0,0,0,0,0,0,1.0042e+05,1.9518,1.0042e+05,1.2071
0.1505,1.2202,0.0069054,0,288.63,0,0,0,0,0,0,99735,-678.68,1.0041e+05,1.2011
0.13017,1.2205,0.0069502,0,288.86,0,0,0,0,0,0,1.0013e+05,-282.7,1.0041e+05,1.2049
0.097372,1.2208,0.0069844,0,289.25,0,0,0,0,0,0,1.0066e+05,377.9,1.0028e+05,1.2095
0.13876,1.2212,0.0070187,0,288.75,0,0,0,0,0,0,99971,-73.503,1.0004e+05,1.2034
0.17834,1.2215,0.007053,0,288.06,0,0,0,0,0,0,99101,-732.56,99834,1.1958
0.16943,1.2219,0.0070873,0,288.29,0,0,0,0,0,0,99315,-315.41,99630,1.1974
0.1483,1.2222,0.0071215,0,288.77,0,0,0,0,0,0,99780,349.58,99431,1.201
0.17572,1.2226,0.0071558,0,288.36,0,0,0,0,0,0,99165,-105.68,99271,1.1953
0.20954,1.2229,0.0071901,0,287.65,0,0,0,0,0,0,98271,-885.04,99156,1.1875
0.20118,1.2233,0.0072206,0,287.8,0,0,0,0,0,0,98506,-506.78,99013,1.1897
0.17844,1.2236,0.007245,0,288.29,0,0,0,0,0,0,99099,343.39,98755,1.1948
0.20108,1.2239,0.0072651,0,287.9,0,0,0,0,0,0,98509,104.08,98405,1.1893
0.24583,1.2242,0.0072814,0,286.71,0,0,0,0,0,0,97153,-877.95,98031,1.1778
0.2745,1.2244,0.0072931,0,285.89,0,0,0,0,0,0,96157,-1484.3,97641,1.1691
0.28646,1.2246,0.0073018,0,285.65,0,0,0,0,0,0,95713,-1480.8,97194,1.1646
0.28165,1.2247,0.0073091,0,285.82,0,0,0,0,0,0,95894,-832.86,96727,1.1662
0.26596,1.2249,0.0073151,0,286.42,0,0,0,0,0,0,96463,163.13,96300,1.1706
0.2623,1.225,0.0073202,0,286.66,0,0,0,0,0,0,96593,693.62,95899,1.1712
0.28154,1.225,0.0073244,0,286.15,0,0,0,0,0,0,95898,370.26,95528,1.1649
0.41652,1.2148,0.0080856,0,288.12,0,0,0,0,0,0,89923,-3725.5,93648,1.0848
0.4169,1.2152,0.0081231,0,288.14,0,0,0,0,0,0,89903,-3757.2,93660,1.0845
0.41695,1.2155,0.0081537,0,288.16,0,0,0,0,0,0,89901,-3780.9,93682,1.0844
0.41715,1.2159,0.0081844,0,288.19,0,0,0,0,0,0,89891,-3799.8,93690,1.0842
0.41728,1.2162,0.008215,0,288.22,0,0,0,0,0,0,89884,-3820.1,93704,1.084
0.41737,1.2166,0.0082456,0,288.25,0,0,0,0,0,0,89880,-3867.5,93747,1.0838
0.41718,1.2169,0.0082754,0,288.26,0,0,0,0,0,0,89889,-3914.9,93804,1.0839
0.41673,1.2173,0.0082978,0,288.28,0,0,0,0,0,0,89912,-3912,93824,1.0841
0.41636,1.2176,0.0083203,0,288.3,0,0,0,0,0,0,89931,-3883,93814,1.0843
0.41594,1.218,0.0083428,0,288.29,0,0,0,0,0,0,89952,-3860.8,93813,1.0845
0.41549,1.2183,0.0083652,0,288.26,0,0,0,0,0,0,89975,-3838.7,93813,1.0849
0.41475,1.2187,0.0083871,0,288.22,0,0,0,0,0,0,90012,-3804.4,93817,1.0855
0.41381,1.219,0.0084011,0,288.18,0,0,0,0,0,0,90060,-3774.9,93834,1.0863
0.413,1.2194,0.0084151,0,288.11,0,0,0,0,0,0,90101,-3757.5,93858,1.087
0.41221,1.2197,0.0084291,0,288.01,0,0,0,0,0,0,90140,-3719.8,93860,1.0878
0.41145,1.2201,0.0084431,0,287.9,0,0,0,0,0,0,90179,-3663.3,93842,1.0887
0.41034,1.2204,0.0084569,0,287.81,0,0,0,0,0,0,90234,-3604,93838,1.0898
0.40897,1.2208,0.0084635,0,287.72,0,0,0,0,0,0,90303,-3555.4,93858,1.0909
0.40764,1.2211,0.0084702,0,287.59,0,0,0,0,0,0,90369,-3513,93882,1.0922
0.40596,1.2215,0.0084768,0,287.41,0,0,0,0,0,0,90453,-3428.5,93881,1.0939
0.40374,1.2218,0.0084799,0,287.26,0,0,0,0,0,0,90564,-3309.3,93873,1.0958
0.40112,1.2222,0.0084803,0,287.24,0,0,0,0,0,0,90693,-3191.1,93884,1.0974
0.3982,1.2225,0.0084806,0,287.35,0,0,0,0,0,0,90837,-3066.6,93903,1.0988
0.39453,1.2229,0.0084799,0,287.53,0,0,0,0,0,0,91016,-2916.1,93932,1.1003
0.38999,1.2232,0.00847,0,287.75,0,0,0,0,0,0,91236,-2736.6,93973,1.1021
0.38494,1.2235,0.0084601,0,287.99,0,0,0,0,0,0,91480,-2542.4,94022,1.1041
0.37968,1.2239,0.0084511,0,288.22,0,0,0,0,0,0,91730,-2348.2,94078,1.1063
0.37461,1.2241,0.0084435,0,288.44,0,0,0,0,0,0,91969,-2166.4,94136,1.1083
0.36998,1.2244,0.0084372,0,288.64,0,0,0,0,0,0,92186,-1999.9,94185,1.1101
0.36587,1.2245,0.008432,0,288.82,0,0,0,0,0,0,92376,-1845.2,94221,1.1117
0.36229,1.2247,0.0084276,0,288.97,0,0,0,0,0,0,92540,-1702.9,94243,1.1131
0.35937,1.2248,0.008424,0,289.1,0,0,0,0,0,0,92673,-1582.3,94255,1.1142
0.35687,1.2249,0.008421,0,289.21,0,0,0,0,0,0,92787,-1471.7,94258,1.1152
0.3549,1.225,0.0084184,0,289.29,0,0,0,0,0,0,92875,-1376.8,94252,1.1159
0.30204,1.2251,0.0073262,0,285.55,0,0,0,0,0,0,95112,-123.88,95235,1.1578
0.3153,1.2251,0.0073279,0,285.16,0,0,0,0,0,0,94578,-432.33,95011,1.1528
0.32857,1.2252,0.0073296,0,284.79,0,0,0,0,0,0,94026,-777.97,94804,1.1476
0.34293,1.2252,0.0073314,0,284.33,0,0,0,0,0,0,93407,-1187.9,94595,1.1419
0.35752,1.2252,0.0073331,0,283.78,0,0,0,0,0,0,92757,-1610.4,94368,1.1361
0.37137,1.2253,0.0073348,0,283.27,0,0,0,0,0,0,92120,-1990.8,94111,1.1304
0.384,1.2253,0.0073366,0,282.76,0,0,0,0,0,0,91525,-2290.1,93815,1.1251
0.39572,1.2253,0.0073383,0,282.33,0,0,0,0,0,0,90958,-2502.2,93460,1.1198
0.40801,1.2254,0.00734,0,281.83,0,0,0,0,0,0,90351,-2664.7,93016,1.1143
0.42246,1.2254,0.0073419,0,281.27,0,0,0,0,0,0,89620,-2814.4,92435,1.1075
0.43913,1.2254,0.0073443,0,280.5,0,0,0,0,0,0,88755,-2967.9,91723,1.0998
0.45984,1.2255,0.0073467,0,279.78,0,0,0,0,0,0,87651,-3138.9,90790,1.0889
0.47402,1.2255,0.0073533,0,280.26,0,0,0,0,0,0,86876,-3158.3,90034,1.0775
0.46835,1.2255,0.0073638,0,281.44,0,0,0,0,0,0,87187,-2939.9,90127,1.0768
0.44032,1.2256,0.0073743,0,282.88,0,0,0,0,0,0,88693,-2405.1,91098,1.0898
0.41001,1.2256,0.0073848,0,284.67,0,0,0,0,0,0,90251,-1761.5,92012,1.102
0.35376,1.2251,0.0084173,0,289.35,0,0,0,0,0,0,92926,-1313.4,94240,1.1163
0.35295,1.2251,0.0084161,0,289.4,0,0,0,0,0,0,92963,-1259.7,94222,1.1166
0.35217,1.2251,0.0084149,0,289.44,0,0,0,0,0,0,92998,-1202.7,94200,1.1168
0.35132,1.2252,0.0084137,0,289.5,0,0,0,0,0,0,93036,-1147.2,94183,1.117
0.35036,1.2252,0.0084101,0,289.55,0,0,0,0,0,0,93079,-1094.8,94173,1.1174
0.34931,1.2253,0.0084055,0,289.6,0,0,0,0,0,0,93125,-1038.3,94164,1.1177
0.34827,1.2253,0.0084008,0,289.66,0,0,0,0,0,0,93171,-969,94140,1.118
0.34746,1.2254,0.0083962,0,289.7,0,0,0,0,0,0,93207,-877.79,94085,1.1183
0.34706,1.2254,0.0083915,0,289.75,0,0,0,0,0,0,93225,-759.95,93985,1.1183
0.34725,1.2254,0.0083869,0,289.76,0,0,0,0,0,0,93217,-642.3,93859,1.1182
0.34828,1.2255,0.0083789,0,289.78,0,0,0,0,0,0,93171,-577.73,93749,1.1176
0.34856,1.2255,0.0083593,0,289.84,0,0,0,0,0,0,93158,-584.09,93743,1.1172
0.34739,1.2256,0.0083397,0,289.89,0,0,0,0,0,0,93211,-615.43,93826,1.1176
0.3459,1.2256,0.0083202,0,289.96,0,0,0,0,0,0,93276,-599.34,93876,1.1181
0.34436,1.2256,0.0083006,0,290.04,0,0,0,0,0,0,93344,-512.96,93857,1.1186
0.34334,1.2257,0.008281,0,290.09,0,0,0,0,0,0,93389,-396.64,93786,1.119
0.38915,1.2256,0.0074099,0,286.63,0,0,0,0,0,0,91277,-1481.6,92759,1.1069
0.36866,1.2257,0.0074349,0,289.6,0,0,0,0,0,0,92247,-1316.1,93563,1.1072
0.35048,1.2257,0.0074608,0,291.79,0,0,0,0,0,0,93073,-674.21,93748,1.1087
0.33077,1.2257,0.0074896,0,292.34,0,0,0,0,0,0,93932,266.32,93666,1.1168
0.31506,1.2258,0.0075185,0,292.79,0,0,0,0,0,0,94588,828.56,93760,1.1229
0.31384,1.2258,0.0075474,0,292.8,0,0,0,0,0,0,94638,782.95,93855,1.1235
0.32285,1.2258,0.0075763,0,292.41,0,0,0,0,0,0,94266,365.76,93900,1.1205
0.33251,1.2258,0.0076076,0,291.96,0,0,0,0,0,0,93858,-80.017,93938,1.1174
0.34022,1.2258,0.007643,0,291.6,0,0,0,0,0,0,93525,-446.39,93972,1.1148
0.34837,1.2259,0.0076785,0,291.25,0,0,0,0,0,0,93167,-814.19,93981,1.1119
0.35702,1.2259,0.0077139,0,290.91,0,0,0,0,0,0,92779,-1180.4,93960,1.1085
0.36144,1.2259,0.0077494,0,290.78,0,0,0,0,0,0,92579,-1318.6,93897,1.1067
0.35851,1.2259,0.0077849,0,290.95,0,0,0,0,0,0,92712,-1145.1,93857,1.1076
0.3509,1.2259,0.007823,0,291.31,0,0,0,0,0,0,93054,-795.52,93850,1.1103
0.34288,1.2259,0.0078611,0,291.71,0,0,0,0,0,0,93409,-420.1,93829,1.113
0.3373,1.2259,0.0078992,0,292,0,0,0,0,0,0,93652,-154.58,93807,1.1148
0.33492,1.2259,0.0079373,0,292.16,0,0,0,0,0,0,93755,-59.814,93814,1.1154
0.33551,1.2259,0.0079739,0,292.2,0,0,0,0,0,0,93729,-124.34,93854,1.115
0.33856,1.2259,0.0080092,0,292.14,0,0,0,0,0,0,93597,-278.97,93876,1.1136
0.34246,1.2258,0.0080444,0,292.06,0,0,0,0,0,0,93427,-436.47,93864,1.1119
0.34615,1.2258,0.0080796,0,291.46,0,0,0,0,0,0,93265,-569.9,93835,1.1123
0.34839,1.2258,0.0081148,0,290.5,0,0,0,0,0,0,93166,-677.96,93844,1.1147
0.34835,1.2258,0.0081452,0,290.09,0,0,0,0,0,0,93168,-681.42,93850,1.1163
0.34723,1.2258,0.0081755,0,290.11,0,0,0,0,0,0,93217,-557.81,93775,1.1169
0.34624,1.2257,0.0082059,0,290.14,0,0,0,0,0,0,93261,-389.77,93651,1.1173
0.34535,1.2257,0.0082362,0,290.15,0,0,0,0,0,0,93301,-277.19,93578,1.1177
0.34395,1.2257,0.0082633,0,290.12,0,0,0,0,0,0,93362,-292.88,93655,1.1186
